,PAYMENT_RATE,AMT_CREDIT,EXT_SOURCE_1,EXT_SOURCE_2
count,48744.0,48744.0,48744.0,48744.0
mean,0.06659118715023032,516740.43556129985,0.29007231285420126,0.5179360566198794
std,0.02459766145156341,365397.0041738182,0.29256503516533633,0.18138466726588232
min,0.0,45000.0,0.0,0.0
25%,0.0485250044073573,260640.0,0.0,0.40800014656495764
50%,0.0614310954063604,450000.0,0.2510216059339242,0.5587282901775965
75%,0.0794423214712204,675000.0,0.551291470752723,0.6584798020441781
max,0.1244295759780437,2245500.0,0.9391445326561508,0.8549996664047012
